category,title,file_url,page_url,mime,license_short,license_url,artist,credit
broken_window,File:2011-11-02 Incendie à Charlie Hebdo 06.jpg,https://upload.wikimedia.org/wikipedia/commons/5/54/2011-11-02_Incendie_%C3%A0_Charlie_Hebdo_06.jpg,https://commons.wikimedia.org/wiki/File:2011-11-02_Incendie_à_Charlie_Hebdo_06.jpg,image/jpeg,CC BY-SA 3.0,https://creativecommons.org/licenses/by-sa/3.0,"<p><a href=""//commons.wikimedia.org/wiki/User:Coyau"" title=""User:Coyau"">Coyau</a>
</p>","<span class=""int-own-work"" lang=""en"">Own work</span>"
broken_window,File:Abandoned Church - view through broken window - geograph.org.uk - 704932.jpg,https://upload.wikimedia.org/wikipedia/commons/5/5f/Abandoned_Church_-_view_through_broken_window_-_geograph.org.uk_-_704932.jpg,https://commons.wikimedia.org/wiki/File:Abandoned_Church_-_view_through_broken_window_-_geograph.org.uk_-_704932.jpg,image/jpeg,CC BY-SA 2.0,https://creativecommons.org/licenses/by-sa/2.0,"<a rel=""nofollow"" class=""external text"" href=""https://www.geograph.org.uk/profile/15201"">Nicholas Mutton</a>","From <a rel=""nofollow"" class=""external text"" href=""https://www.geograph.org.uk/photo/704932"">geograph.org.uk</a>"
broken_window,File:Broken McDonald window in Tel Aviv.jpg,https://upload.wikimedia.org/wikipedia/commons/b/bf/Broken_McDonald_window_in_Tel_Aviv.jpg,https://commons.wikimedia.org/wiki/File:Broken_McDonald_window_in_Tel_Aviv.jpg,image/jpeg,Public domain,,doronef,"<span class=""int-own-work"" lang=""en"">Own work</span>"
broken_window,File:Broken Window - geograph.org.uk - 8039182.jpg,https://upload.wikimedia.org/wikipedia/commons/c/c5/Broken_Window_-_geograph.org.uk_-_8039182.jpg,https://commons.wikimedia.org/wiki/File:Broken_Window_-_geograph.org.uk_-_8039182.jpg,image/jpeg,CC BY-SA 2.0,https://creativecommons.org/licenses/by-sa/2.0,"<a rel=""nofollow"" class=""external text"" href=""https://www.geograph.org.uk/profile/139"">Anne Burgess</a> <span class=""mw-valign-text-top noprint"" typeof=""mw:File/Frameless""><a href=""//commons.wikimedia.org/wiki/File:Broken_Window_-_geograph.org.uk_-_8039182.jpg#P170"" title=""Edit this at Structured Data on Commons""><img alt=""Edit this at Structured Data on Commons"" src=""https://upload.wikimedia.org/wikipedia/commons/thumb/8/8a/OOjs_UI_icon_edit-ltr-progressive.svg/20px-OOjs_UI_icon_edit-ltr-progressive.svg.png"" decoding=""async"" width=""10"" height=""10"" class=""mw-file-element"" data-file-width=""20"" data-file-height=""20""></a></span>","<a rel=""nofollow"" class=""external text"" href=""https://www.geograph.org.uk/photo/8039182"">Geograph Britain and Ireland</a> <span class=""mw-valign-text-top noprint"" typeof=""mw:File/Frameless""><a href=""//commons.wikimedia.org/wiki/File:Broken_Window_-_geograph.org.uk_-_8039182.jpg#P7482"" title=""Edit this at Structured Data on Commons""><img alt=""Edit this at Structured Data on Commons"" src=""https://upload.wikimedia.org/wikipedia/commons/thumb/8/8a/OOjs_UI_icon_edit-ltr-progressive.svg/20px-OOjs_UI_icon_edit-ltr-progressive.svg.png"" decoding=""async"" width=""10"" height=""10"" class=""mw-file-element"" data-file-width=""20"" data-file-height=""20""></a></span>"
broken_window,"File:Broken window, Strabane, January 2010.JPG",https://upload.wikimedia.org/wikipedia/commons/0/09/Broken_window%2C_Strabane%2C_January_2010.JPG,"https://commons.wikimedia.org/wiki/File:Broken_window,_Strabane,_January_2010.JPG",image/jpeg,CC BY-SA 3.0,https://creativecommons.org/licenses/by-sa/3.0,"<a href=""//commons.wikimedia.org/wiki/User:Ardfern"" title=""User:Ardfern"">Ardfern</a>","<span class=""int-own-work"" lang=""en"">Own work</span>"
broken_window,File:Broken window in Broberg 2.jpg,https://upload.wikimedia.org/wikipedia/commons/8/89/Broken_window_in_Broberg_2.jpg,https://commons.wikimedia.org/wiki/File:Broken_window_in_Broberg_2.jpg,image/jpeg,CC BY-SA 4.0,https://creativecommons.org/licenses/by-sa/4.0,"<a href=""//commons.wikimedia.org/wiki/User:W.carter"" title=""User:W.carter"">W.carter</a>","<span class=""int-own-work"" lang=""en"">Own work</span>"
broken_window,File:Broken window on the Zurich building. - geograph.org.uk - 897275.jpg,https://upload.wikimedia.org/wikipedia/commons/f/f9/Broken_window_on_the_Zurich_building._-_geograph.org.uk_-_897275.jpg,https://commons.wikimedia.org/wiki/File:Broken_window_on_the_Zurich_building._-_geograph.org.uk_-_897275.jpg,image/jpeg,CC BY-SA 2.0,https://creativecommons.org/licenses/by-sa/2.0,"<a rel=""nofollow"" class=""external text"" href=""https://www.geograph.org.uk/profile/17822"">Basher Eyre</a>","From <a rel=""nofollow"" class=""external text"" href=""https://www.geograph.org.uk/photo/897275"">geograph.org.uk</a>"
broken_window,File:Ellis Island hospital window mural (01897).jpg,https://upload.wikimedia.org/wikipedia/commons/b/bc/Ellis_Island_hospital_window_mural_%2801897%29.jpg,https://commons.wikimedia.org/wiki/File:Ellis_Island_hospital_window_mural_(01897).jpg,image/jpeg,CC BY-SA 4.0,https://creativecommons.org/licenses/by-sa/4.0,"<a href=""//commons.wikimedia.org/wiki/User:Rhododendrites"" title=""User:Rhododendrites"">Rhododendrites</a>","<span class=""int-own-work"" lang=""en"">Own work</span>"
broken_window,File:Fiestra e vandalismo.JPG,https://upload.wikimedia.org/wikipedia/commons/8/8c/Fiestra_e_vandalismo.JPG,https://commons.wikimedia.org/wiki/File:Fiestra_e_vandalismo.JPG,image/jpeg,Public domain,,Atobar,"<span class=""int-own-work"" lang=""en"">Own work</span>"
broken_window,File:G-20 Toronto June 2010 (33).jpg,https://upload.wikimedia.org/wikipedia/commons/8/8e/G-20_Toronto_June_2010_%2833%29.jpg,https://commons.wikimedia.org/wiki/File:G-20_Toronto_June_2010_(33).jpg,image/jpeg,CC BY-SA 2.0,https://creativecommons.org/licenses/by-sa/2.0,"<a rel=""nofollow"" class=""external text"" href=""https://www.flickr.com/people/10088890@N07"">Mark Mozaz Wallis</a>","<p><a rel=""nofollow"" class=""external text"" href=""https://www.flickr.com/photos/10088890@N07/4737235629/"">G20 RIOTS SAT 26 JUNE 2010</a>
</p>
<ul><li>Uploaded by <a href=""//commons.wikimedia.org/wiki/User:Skeezix1000"" title=""User:Skeezix1000"">Skeezix1000</a></li></ul>"
cracked_screen,File:A cracked telephone screen.jpg,https://upload.wikimedia.org/wikipedia/commons/3/3c/A_cracked_telephone_screen.jpg,https://commons.wikimedia.org/wiki/File:A_cracked_telephone_screen.jpg,image/jpeg,CC BY-SA 4.0,https://creativecommons.org/licenses/by-sa/4.0,"<a href=""//commons.wikimedia.org/wiki/User:Sima_shimony"" title=""User:Sima shimony"">Sima shimony</a>","<span class=""int-own-work"" lang=""en"">Own work</span>"
cracked_screen,File:Broken Apple iPhone 5C Pink Shallow Focus.JPG,https://upload.wikimedia.org/wikipedia/commons/5/5c/Broken_Apple_iPhone_5C_Pink_Shallow_Focus.JPG,https://commons.wikimedia.org/wiki/File:Broken_Apple_iPhone_5C_Pink_Shallow_Focus.JPG,image/jpeg,CC BY-SA 4.0,https://creativecommons.org/licenses/by-sa/4.0,"<a href=""//commons.wikimedia.org/w/index.php?title=User:Disde&amp;action=edit&amp;redlink=1"" class=""new"" title=""User:Disde (page does not exist)"">Disk Depot Ltd.</a>","<span class=""int-own-work"" lang=""en"">Own work</span>"
cracked_screen,File:Christine's Cracked Phone.jpg,https://upload.wikimedia.org/wikipedia/commons/2/23/Christine%27s_Cracked_Phone.jpg,https://commons.wikimedia.org/wiki/File:Christine's_Cracked_Phone.jpg,image/jpeg,CC BY-SA 2.0,https://creativecommons.org/licenses/by-sa/2.0,Doctor Popular,"<a rel=""nofollow"" class=""external free"" href=""https://www.flickr.com/photos/docpopular/14768935309/"">https://www.flickr.com/photos/docpopular/14768935309/</a>"
pothole,File:2019 DaHua pothole b.jpg,https://upload.wikimedia.org/wikipedia/commons/9/91/2019_DaHua_pothole_b.jpg,https://commons.wikimedia.org/wiki/File:2019_DaHua_pothole_b.jpg,image/jpeg,CC BY-SA 4.0,https://creativecommons.org/licenses/by-sa/4.0,"<a href=""//commons.wikimedia.org/w/index.php?title=User:Taiwankengo&amp;action=edit&amp;redlink=1"" class=""new"" title=""User:Taiwankengo (page does not exist)"">Taiwankengo</a>","<span class=""int-own-work"" lang=""en"">Own work</span>"
pothole,File:2023-06-06 Straßenschäden Baufahrzeuge Burgunderweg (Tauberbischofsheim) 2.jpg,https://upload.wikimedia.org/wikipedia/commons/2/2f/2023-06-06_Stra%C3%9Fensch%C3%A4den_Baufahrzeuge_Burgunderweg_%28Tauberbischofsheim%29_2.jpg,https://commons.wikimedia.org/wiki/File:2023-06-06_Straßenschäden_Baufahrzeuge_Burgunderweg_(Tauberbischofsheim)_2.jpg,image/jpeg,CC BY-SA 4.0,https://creativecommons.org/licenses/by-sa/4.0,"<a href=""//commons.wikimedia.org/wiki/User:Triplec85"" title=""User:Triplec85"">Triplec85</a>","<span class=""int-own-work"" lang=""en"">Own work</span>"
pothole,File:2023-06-06 Straßenschäden Baufahrzeuge Burgunderweg (Tauberbischofsheim) 5.jpg,https://upload.wikimedia.org/wikipedia/commons/b/bf/2023-06-06_Stra%C3%9Fensch%C3%A4den_Baufahrzeuge_Burgunderweg_%28Tauberbischofsheim%29_5.jpg,https://commons.wikimedia.org/wiki/File:2023-06-06_Straßenschäden_Baufahrzeuge_Burgunderweg_(Tauberbischofsheim)_5.jpg,image/jpeg,CC BY-SA 4.0,https://creativecommons.org/licenses/by-sa/4.0,"<a href=""//commons.wikimedia.org/wiki/User:Triplec85"" title=""User:Triplec85"">Triplec85</a>","<span class=""int-own-work"" lang=""en"">Own work</span>"
pothole,"File:2023-07-06 18 25 19 A recently-filled pothole along Lochatong Road in the Mountainview section of Ewing Township, Mercer County, New Jersey.jpg",https://upload.wikimedia.org/wikipedia/commons/0/07/2023-07-06_18_25_19_A_recently-filled_pothole_along_Lochatong_Road_in_the_Mountainview_section_of_Ewing_Township%2C_Mercer_County%2C_New_Jersey.jpg,"https://commons.wikimedia.org/wiki/File:2023-07-06_18_25_19_A_recently-filled_pothole_along_Lochatong_Road_in_the_Mountainview_section_of_Ewing_Township,_Mercer_County,_New_Jersey.jpg",image/jpeg,CC BY-SA 4.0,https://creativecommons.org/licenses/by-sa/4.0,"<a href=""//commons.wikimedia.org/wiki/User:Famartin"" title=""User:Famartin"">Famartin</a>","<span class=""int-own-work"" lang=""en"">Own work</span>"
pothole,File:20240126 165202 Geflickte Straße.jpg,https://upload.wikimedia.org/wikipedia/commons/3/35/20240126_165202_Geflickte_Stra%C3%9Fe.jpg,https://commons.wikimedia.org/wiki/File:20240126_165202_Geflickte_Straße.jpg,image/jpeg,CC BY-SA 4.0,https://creativecommons.org/licenses/by-sa/4.0,"<a href=""//commons.wikimedia.org/w/index.php?title=User:Ramsch&amp;action=edit&amp;redlink=1"" class=""new"" title=""User:Ramsch (page does not exist)"">Ramsch</a>","<span class=""int-own-work"" lang=""en"">Own work</span>"
pothole,"File:A deep pothole, Tullycunny - geograph.org.uk - 7095765.jpg",https://upload.wikimedia.org/wikipedia/commons/a/aa/A_deep_pothole%2C_Tullycunny_-_geograph.org.uk_-_7095765.jpg,"https://commons.wikimedia.org/wiki/File:A_deep_pothole,_Tullycunny_-_geograph.org.uk_-_7095765.jpg",image/jpeg,CC BY-SA 2.0,https://creativecommons.org/licenses/by-sa/2.0,"<a rel=""nofollow"" class=""external text"" href=""https://www.geograph.org.uk/profile/2282"">Kenneth  Allen</a> <span class=""mw-valign-text-top noprint"" typeof=""mw:File/Frameless""><a href=""//commons.wikimedia.org/wiki/File:A_deep_pothole,_Tullycunny_-_geograph.org.uk_-_7095765.jpg#P170"" title=""Edit this at Structured Data on Commons""><img alt=""Edit this at Structured Data on Commons"" src=""https://upload.wikimedia.org/wikipedia/commons/thumb/8/8a/OOjs_UI_icon_edit-ltr-progressive.svg/20px-OOjs_UI_icon_edit-ltr-progressive.svg.png"" decoding=""async"" width=""10"" height=""10"" class=""mw-file-element"" data-file-width=""20"" data-file-height=""20""></a></span>","<a rel=""nofollow"" class=""external text"" href=""https://www.geograph.org.uk/photo/7095765"">Geograph Britain and Ireland</a> <span class=""mw-valign-text-top noprint"" typeof=""mw:File/Frameless""><a href=""//commons.wikimedia.org/wiki/File:A_deep_pothole,_Tullycunny_-_geograph.org.uk_-_7095765.jpg#P7482"" title=""Edit this at Structured Data on Commons""><img alt=""Edit this at Structured Data on Commons"" src=""https://upload.wikimedia.org/wikipedia/commons/thumb/8/8a/OOjs_UI_icon_edit-ltr-progressive.svg/20px-OOjs_UI_icon_edit-ltr-progressive.svg.png"" decoding=""async"" width=""10"" height=""10"" class=""mw-file-element"" data-file-width=""20"" data-file-height=""20""></a></span>"
pothole,"File:A large pothole, Knockgreenan Drive, Omagh - geograph.org.uk - 4404362.jpg",https://upload.wikimedia.org/wikipedia/commons/f/f3/A_large_pothole%2C_Knockgreenan_Drive%2C_Omagh_-_geograph.org.uk_-_4404362.jpg,"https://commons.wikimedia.org/wiki/File:A_large_pothole,_Knockgreenan_Drive,_Omagh_-_geograph.org.uk_-_4404362.jpg",image/jpeg,CC BY-SA 2.0,https://creativecommons.org/licenses/by-sa/2.0,"<a rel=""nofollow"" class=""external text"" href=""https://www.geograph.org.uk/profile/2282"">Kenneth  Allen</a> <span class=""mw-valign-text-top noprint"" typeof=""mw:File/Frameless""><a href=""//commons.wikimedia.org/wiki/File:A_large_pothole,_Knockgreenan_Drive,_Omagh_-_geograph.org.uk_-_4404362.jpg#P170"" title=""Edit this at Structured Data on Commons""><img alt=""Edit this at Structured Data on Commons"" src=""https://upload.wikimedia.org/wikipedia/commons/thumb/8/8a/OOjs_UI_icon_edit-ltr-progressive.svg/20px-OOjs_UI_icon_edit-ltr-progressive.svg.png"" decoding=""async"" width=""10"" height=""10"" class=""mw-file-element"" data-file-width=""20"" data-file-height=""20""></a></span>","<a rel=""nofollow"" class=""external text"" href=""https://www.geograph.org.uk/photo/4404362"">Geograph Britain and Ireland</a> <span class=""mw-valign-text-top noprint"" typeof=""mw:File/Frameless""><a href=""//commons.wikimedia.org/wiki/File:A_large_pothole,_Knockgreenan_Drive,_Omagh_-_geograph.org.uk_-_4404362.jpg#P7482"" title=""Edit this at Structured Data on Commons""><img alt=""Edit this at Structured Data on Commons"" src=""https://upload.wikimedia.org/wikipedia/commons/thumb/8/8a/OOjs_UI_icon_edit-ltr-progressive.svg/20px-OOjs_UI_icon_edit-ltr-progressive.svg.png"" decoding=""async"" width=""10"" height=""10"" class=""mw-file-element"" data-file-width=""20"" data-file-height=""20""></a></span>"
pothole,File:A photo of a pothole 2021-07-11.jpg,https://upload.wikimedia.org/wikipedia/commons/8/82/A_photo_of_a_pothole_2021-07-11.jpg,https://commons.wikimedia.org/wiki/File:A_photo_of_a_pothole_2021-07-11.jpg,image/jpeg,CC BY-SA 4.0,https://creativecommons.org/licenses/by-sa/4.0,"<a href=""//commons.wikimedia.org/wiki/User:CoderThomasB"" title=""User:CoderThomasB"">Thomas Booker (CoderThomasB)</a>","<span class=""int-own-work"" lang=""en"">Own work</span>"
pothole,File:Entrance to pothole. - geograph.org.uk - 114345.jpg,https://upload.wikimedia.org/wikipedia/commons/7/78/Entrance_to_pothole._-_geograph.org.uk_-_114345.jpg,https://commons.wikimedia.org/wiki/File:Entrance_to_pothole._-_geograph.org.uk_-_114345.jpg,image/jpeg,CC BY-SA 2.0,https://creativecommons.org/licenses/by-sa/2.0,"<a rel=""nofollow"" class=""external text"" href=""https://www.geograph.org.uk/profile/1173"">Steve Partridge</a>","From <a rel=""nofollow"" class=""external text"" href=""https://www.geograph.org.uk/photo/114345"">geograph.org.uk</a>"
pothole,File:Kettle pic.jpg,https://upload.wikimedia.org/wikipedia/commons/9/93/Kettle_pic.jpg,https://commons.wikimedia.org/wiki/File:Kettle_pic.jpg,image/jpeg,CC BY-SA 4.0,https://creativecommons.org/licenses/by-sa/4.0,"<a href=""//commons.wikimedia.org/w/index.php?title=User:Manojkumar_Subramani&amp;action=edit&amp;redlink=1"" class=""new"" title=""User:Manojkumar Subramani (page does not exist)"">Manojkumar Subramani</a>","<span class=""int-own-work"" lang=""en"">Own work</span>"
broken_chair,File:20180324-MarchForOurLives-Geneva-Group-6.jpg,https://upload.wikimedia.org/wikipedia/commons/d/df/20180324-MarchForOurLives-Geneva-Group-6.jpg,https://commons.wikimedia.org/wiki/File:20180324-MarchForOurLives-Geneva-Group-6.jpg,image/jpeg,CC BY-SA 4.0,https://creativecommons.org/licenses/by-sa/4.0,"<a href=""//commons.wikimedia.org/wiki/User:MHM55"" title=""User:MHM55"">MHM55</a>","<span class=""int-own-work"" lang=""en"">Own work</span>"
broken_chair,File:BROKEN SHOP CHAIR FOR SAFETY PROGRAM - NARA - 17423284.jpg,https://upload.wikimedia.org/wikipedia/commons/3/3f/BROKEN_SHOP_CHAIR_FOR_SAFETY_PROGRAM_-_NARA_-_17423284.jpg,https://commons.wikimedia.org/wiki/File:BROKEN_SHOP_CHAIR_FOR_SAFETY_PROGRAM_-_NARA_-_17423284.jpg,image/jpeg,Public domain,,"<div class=""fn value"">
Unknown author<span style=""display: none;"">Unknown author</span> or not provided</div>","<a href=""https://en.wikipedia.org/wiki/U.S._National_Archives_and_Records_Administration"" class=""extiw"" title=""en:U.S. National Archives and Records Administration"">U.S. National Archives and Records Administration</a>"
broken_chair,File:Baudelaire 1844 cropped.jpg,https://upload.wikimedia.org/wikipedia/commons/d/d9/Baudelaire_1844_cropped.jpg,https://commons.wikimedia.org/wiki/File:Baudelaire_1844_cropped.jpg,image/jpeg,Public domain,,"<bdi><a href=""https://www.wikidata.org/wiki/Q532906"" class=""extiw"" title=""d:Q532906""><span title=""French painter (1820-1846)"">Émile Deroy</span></a></bdi>","<a href=""https://en.wikipedia.org/wiki/Joconde"" class=""extiw"" title=""en:Joconde"">Joconde database</a>:  entry  <a rel=""nofollow"" class=""external text"" href=""https://www.pop.culture.gouv.fr/notice/joconde/000PE011123"">000PE011123</a>"
broken_chair,File:BrokenChair-Geneva-Femen-Dec2024-5.jpg,https://upload.wikimedia.org/wikipedia/commons/1/10/BrokenChair-Geneva-Femen-Dec2024-5.jpg,https://commons.wikimedia.org/wiki/File:BrokenChair-Geneva-Femen-Dec2024-5.jpg,image/jpeg,CC BY-SA 4.0,https://creativecommons.org/licenses/by-sa/4.0,"<a href=""//commons.wikimedia.org/wiki/User:MHM55"" title=""User:MHM55"">MHM55</a>","<span class=""int-own-work"" lang=""en"">Own work</span>"
broken_chair,File:BrokenChair.jpg,https://upload.wikimedia.org/wikipedia/commons/2/21/BrokenChair.jpg,https://commons.wikimedia.org/wiki/File:BrokenChair.jpg,image/jpeg,CC BY-SA 3.0,https://creativecommons.org/licenses/by-sa/3.0,"<a href=""//commons.wikimedia.org/wiki/User:MHM-com"" class=""mw-redirect"" title=""User:MHM-com"">MHM-com</a>","<span class=""int-own-work"" lang=""en"">Own work</span>"
broken_chair,"File:Broken Chair, dégradation par des activistes Femen.jpg",https://upload.wikimedia.org/wikipedia/commons/3/35/Broken_Chair%2C_d%C3%A9gradation_par_des_activistes_Femen.jpg,"https://commons.wikimedia.org/wiki/File:Broken_Chair,_dégradation_par_des_activistes_Femen.jpg",image/jpeg,CC BY-SA 4.0,https://creativecommons.org/licenses/by-sa/4.0,"<a href=""//commons.wikimedia.org/wiki/User:Markus_Schweizer"" title=""User:Markus Schweizer"">Markus Schweizer</a>","<span class=""int-own-work"" lang=""en"">Own work</span>"
broken_chair,File:Broken Chair (7825817890).jpg,https://upload.wikimedia.org/wikipedia/commons/b/b2/Broken_Chair_%287825817890%29.jpg,https://commons.wikimedia.org/wiki/File:Broken_Chair_(7825817890).jpg,image/jpeg,CC BY 2.0,https://creativecommons.org/licenses/by/2.0,"<a rel=""nofollow"" class=""external text"" href=""https://www.flickr.com/people/56844661@N00"">xlibber</a>","<a rel=""nofollow"" class=""external text"" href=""https://www.flickr.com/photos/xlibber/7825817890/"">Broken Chair</a>"
broken_chair,File:Complete wildfowler (1912) (14752355921).jpg,https://upload.wikimedia.org/wikipedia/commons/7/7c/Complete_wildfowler_%281912%29_%2814752355921%29.jpg,https://commons.wikimedia.org/wiki/File:Complete_wildfowler_(1912)_(14752355921).jpg,image/jpeg,No restrictions,https://www.flickr.com/commons/usage/,"<a rel=""nofollow"" class=""external text"" href=""https://www.flickr.com/people/126377022@N07"">Internet Archive Book Images</a>","<p><a rel=""nofollow"" class=""external free"" href=""https://www.flickr.com/photos/internetarchivebookimages/14752355921/"">https://www.flickr.com/photos/internetarchivebookimages/14752355921/</a>
</p>
<ul><li>Source book page: <a rel=""nofollow"" class=""external free"" href=""https://archive.org/stream/completewildfowl00dunc/completewildfowl00dunc#page/n210/mode/1up"">https://archive.org/stream/completewildfowl00dunc/completewildfowl00dunc#page/n210/mode/1up</a></li></ul>"
broken_chair,"File:DEC PDP-7 Minicomputer from 1964 standing in Oslo prior to restoration in 2005 (edited image, partially without background, persepctive corrected) No 4.jpg",https://upload.wikimedia.org/wikipedia/commons/e/e3/DEC_PDP-7_Minicomputer_from_1964_standing_in_Oslo_prior_to_restoration_in_2005_%28edited_image%2C_partially_without_background%2C_persepctive_corrected%29_No_4.jpg,"https://commons.wikimedia.org/wiki/File:DEC_PDP-7_Minicomputer_from_1964_standing_in_Oslo_prior_to_restoration_in_2005_(edited_image,_partially_without_background,_persepctive_corrected)_No_4.jpg",image/jpeg,CC SA 1.0,http://creativecommons.org/licenses/sa/1.0/,"<a href=""https://en.wikipedia.org/wiki/User:Toresbe"" class=""extiw"" title=""en:User:Toresbe"">en:User:Toresbe</a>","From <a href=""https://en.wikipedia.org/wiki/Image:Pdp7-oslo-2005.jpeg"" class=""extiw"" title=""en:Image:Pdp7-oslo-2005.jpeg"">english Wikipedia</a>. Original description was: The Oslo PDP-7, before restoration started. I took the picture."
broken_chair,File:DZNC Balcony with broken chair.jpg,https://upload.wikimedia.org/wikipedia/commons/5/57/DZNC_Balcony_with_broken_chair.jpg,https://commons.wikimedia.org/wiki/File:DZNC_Balcony_with_broken_chair.jpg,image/jpeg,CC BY 4.0,https://creativecommons.org/licenses/by/4.0,"<a href=""//commons.wikimedia.org/wiki/User:Tuhin"" title=""User:Tuhin"">Tuhin</a>","<span class=""int-own-work"" lang=""en"">Own work</span>"
rust_corrosion,File:Acid-corrosion-in-a-flue-gas-duct-02.jpg,https://upload.wikimedia.org/wikipedia/commons/9/9e/Acid-corrosion-in-a-flue-gas-duct-02.jpg,https://commons.wikimedia.org/wiki/File:Acid-corrosion-in-a-flue-gas-duct-02.jpg,image/jpeg,CC BY-SA 3.0,https://creativecommons.org/licenses/by-sa/3.0,"<a href=""//commons.wikimedia.org/wiki/User:Cccefalon"" title=""User:Cccefalon"">CEphoto, Uwe Aranas</a>","<span class=""int-own-work"" lang=""en"">Own work</span>"
rust_corrosion,"File:CORROSION OF CONFORMITY (USA) @ Electric Ballroom, London (06 05 2023) (53569902606).jpg",https://upload.wikimedia.org/wikipedia/commons/7/74/CORROSION_OF_CONFORMITY_%28USA%29_%40_Electric_Ballroom%2C_London_%2806_05_2023%29_%2853569902606%29.jpg,"https://commons.wikimedia.org/wiki/File:CORROSION_OF_CONFORMITY_(USA)_@_Electric_Ballroom,_London_(06_05_2023)_(53569902606).jpg",image/jpeg,CC BY-SA 2.0,https://creativecommons.org/licenses/by-sa/2.0,"<a rel=""nofollow"" class=""external text"" href=""https://www.flickr.com/people/146832001@N02"">Nessie Spencer</a> from Brighton, United Kingdom","<a rel=""nofollow"" class=""external text"" href=""https://www.flickr.com/photos/freaksandgigspics/53569902606/"">CORROSION OF CONFORMITY (USA) @ Electric Ballroom, London (06/05/2023)</a>"
rust_corrosion,File:Clay - rusty metal grid (Amal Kumar via Poly Haven).webp,https://upload.wikimedia.org/wikipedia/commons/9/93/Clay_-_rusty_metal_grid_%28Amal_Kumar_via_Poly_Haven%29.webp,https://commons.wikimedia.org/wiki/File:Clay_-_rusty_metal_grid_(Amal_Kumar_via_Poly_Haven).webp,image/webp,CC0,http://creativecommons.org/publicdomain/zero/1.0/deed.en,Amal Kumar,"<ul><li><a rel=""nofollow"" class=""external free"" href=""https://polyhaven.com/a/rusty_metal_grid"">https://polyhaven.com/a/rusty_metal_grid</a></li>
<li><a rel=""nofollow"" class=""external free"" href=""https://web.archive.org/web/20241031203248/https://polyhaven.com/a/rusty_metal_grid"">https://web.archive.org/web/20241031203248/https://polyhaven.com/a/rusty_metal_grid</a></li></ul>"
rust_corrosion,File:Corrosion-of-conformity-band.jpg,https://upload.wikimedia.org/wikipedia/commons/2/23/Corrosion-of-conformity-band.jpg,https://commons.wikimedia.org/wiki/File:Corrosion-of-conformity-band.jpg,image/jpeg,CC BY-SA 3.0,http://creativecommons.org/licenses/by-sa/3.0/,"<p><a href=""//commons.wikimedia.org/w/index.php?title=User:MarkMarek&amp;action=edit&amp;redlink=1"" class=""new"" title=""User:MarkMarek (page does not exist)"">Mark Marek</a><br>
<a rel=""nofollow"" class=""external text"" href=""http://www.markmarek.com/"">Mark Marek</a><br>
Copyright <a rel=""nofollow"" class=""external text"" href=""http://www.markmarek.com/"">Mark Marek Photography</a> ©2005<br>
</p>
URL: <a rel=""nofollow"" class=""external text"" href=""http://www.albertastars.com/galleries/corrosion-of-conformity/"">Corrosion of Conformity in Pictures</a> on <a rel=""nofollow"" class=""external text"" href=""http://www.albertastars.com/"">Alberta Stars</a>","<span class=""int-own-work"" lang=""en"">Own work</span>"
rust_corrosion,"File:Corrosion of Conformity - Animosity Lineup 12-11-2010 - Secret House Show at Dreg’s Grotto, Raleigh, NC - by Will Butler.jpg",https://upload.wikimedia.org/wikipedia/commons/a/ad/Corrosion_of_Conformity_-_Animosity_Lineup_12-11-2010_-_Secret_House_Show_at_Dreg%E2%80%99s_Grotto%2C_Raleigh%2C_NC_-_by_Will_Butler.jpg,"https://commons.wikimedia.org/wiki/File:Corrosion_of_Conformity_-_Animosity_Lineup_12-11-2010_-_Secret_House_Show_at_Dreg’s_Grotto,_Raleigh,_NC_-_by_Will_Butler.jpg",image/jpeg,CC BY-SA 4.0,https://creativecommons.org/licenses/by-sa/4.0,"<a href=""//commons.wikimedia.org/wiki/User:Tolivealie"" title=""User:Tolivealie"">Will Butler</a>","<span class=""int-own-work"" lang=""en"">Own work</span>"
rust_corrosion,File:Corrosion on dustbin.JPG,https://upload.wikimedia.org/wikipedia/commons/3/3f/Corrosion_on_dustbin.JPG,https://commons.wikimedia.org/wiki/File:Corrosion_on_dustbin.JPG,image/jpeg,CC BY-SA 4.0,https://creativecommons.org/licenses/by-sa/4.0,"<a href=""//commons.wikimedia.org/w/index.php?title=User:Engr_Hafiza_Maida&amp;action=edit&amp;redlink=1"" class=""new"" title=""User:Engr Hafiza Maida (page does not exist)"">Engr Hafiza Maida</a>","<span class=""int-own-work"" lang=""en"">Own work</span>"
rust_corrosion,File:Corrosion r45.JPG,https://upload.wikimedia.org/wikipedia/commons/1/1c/Corrosion_r45.JPG,https://commons.wikimedia.org/wiki/File:Corrosion_r45.JPG,image/jpeg,Public domain,,"<a href=""//commons.wikimedia.org/w/index.php?title=User:Snoopy1974&amp;action=edit&amp;redlink=1"" class=""new"" title=""User:Snoopy1974 (page does not exist)"">Snoopy1974</a>","<span class=""int-own-work"" lang=""en"">Own work</span>"
rust_corrosion,File:Crevice-corrosion scheme.png,https://upload.wikimedia.org/wikipedia/commons/5/55/Crevice-corrosion_scheme.png,https://commons.wikimedia.org/wiki/File:Crevice-corrosion_scheme.png,image/png,CC BY-SA 3.0,https://creativecommons.org/licenses/by-sa/3.0,"<a href=""//commons.wikimedia.org/wiki/User:Cl_Cu111"" title=""User:Cl Cu111"">Cl Cu111</a>","<span class=""int-own-work"" lang=""en"">Own work</span>"
rust_corrosion,File:Full-scaled corrosion pool-Accelerated corrosion method.jpg,https://upload.wikimedia.org/wikipedia/commons/d/d0/Full-scaled_corrosion_pool-Accelerated_corrosion_method.jpg,https://commons.wikimedia.org/wiki/File:Full-scaled_corrosion_pool-Accelerated_corrosion_method.jpg,image/jpeg,CC BY-SA 4.0,https://creativecommons.org/licenses/by-sa/4.0,"<a href=""//commons.wikimedia.org/w/index.php?title=User:Dr._Hakan_Yal%C3%A7%C4%B1ner&amp;action=edit&amp;redlink=1"" class=""new"" title=""User:Dr. Hakan Yalçıner (page does not exist)"">Dr. Hakan Yalçıner</a>","<span class=""int-own-work"" lang=""en"">Own work</span>"
rust_corrosion,File:Heavy corrosion at the beach.jpg,https://upload.wikimedia.org/wikipedia/commons/c/c2/Heavy_corrosion_at_the_beach.jpg,https://commons.wikimedia.org/wiki/File:Heavy_corrosion_at_the_beach.jpg,image/jpeg,CC BY-SA 4.0,https://creativecommons.org/licenses/by-sa/4.0,"<a href=""//commons.wikimedia.org/w/index.php?title=User:Mugel2110&amp;action=edit&amp;redlink=1"" class=""new"" title=""User:Mugel2110 (page does not exist)"">Mugel2110</a>","<span class=""int-own-work"" lang=""en"">Own work</span>"
broken_pipe,File:Breeder and sportsman (1884) (20418524111).jpg,https://upload.wikimedia.org/wikipedia/commons/a/a1/Breeder_and_sportsman_%281884%29_%2820418524111%29.jpg,https://commons.wikimedia.org/wiki/File:Breeder_and_sportsman_(1884)_(20418524111).jpg,image/jpeg,No restrictions,https://www.flickr.com/commons/usage/,"<a rel=""nofollow"" class=""external text"" href=""https://www.flickr.com/people/126377022@N07"">Internet Archive Book Images</a>","<p><a rel=""nofollow"" class=""external free"" href=""https://www.flickr.com/photos/internetarchivebookimages/20418524111/"">https://www.flickr.com/photos/internetarchivebookimages/20418524111/</a>
</p>
<ul><li>Source book page: <a rel=""nofollow"" class=""external free"" href=""https://archive.org/stream/breedersportsman41884sanf/#page/n162/mode/1up"">https://archive.org/stream/breedersportsman41884sanf/#page/n162/mode/1up</a></li></ul>"
broken_pipe,File:Broken fuel pipe.jpg,https://upload.wikimedia.org/wikipedia/commons/4/48/Broken_fuel_pipe.jpg,https://commons.wikimedia.org/wiki/File:Broken_fuel_pipe.jpg,image/jpeg,Public domain,,"<a href=""https://en.wikipedia.org/wiki/User:Peterlewis"" class=""extiw"" title=""en:User:Peterlewis"">Peterlewis</a> at <a class=""external text"" href=""https://en.wikipedia.org/"">en.wikipedia</a>",own picture from expert report of 1996
broken_pipe,File:Lack of water in Helsinki 1929 (JOKAOT4SK1929 10-1).tif,https://upload.wikimedia.org/wikipedia/commons/3/30/Lack_of_water_in_Helsinki_1929_%28JOKAOT4SK1929_10-1%29.tif,https://commons.wikimedia.org/wiki/File:Lack_of_water_in_Helsinki_1929_(JOKAOT4SK1929_10-1).tif,image/tiff,CC BY 4.0,https://creativecommons.org/licenses/by/4.0,"<bdi><a href=""https://www.wikidata.org/wiki/Q125677679"" class=""extiw"" title=""d:Q125677679""><span title=""photographer"">Wolfgang Heine</span></a></bdi>","<a rel=""nofollow"" class=""external free"" href=""https://finna.fi/Record/museovirasto.ea2b4264-b6c3-4dc9-8ae0-b348a8de59c6"">https://finna.fi/Record/museovirasto.ea2b4264-b6c3-4dc9-8ae0-b348a8de59c6</a>"
broken_pipe,File:Railway and locomotive engineering - a practical journal of railway motive power and rolling stock (1901) (14574643988).jpg,https://upload.wikimedia.org/wikipedia/commons/9/9a/Railway_and_locomotive_engineering_-_a_practical_journal_of_railway_motive_power_and_rolling_stock_%281901%29_%2814574643988%29.jpg,https://commons.wikimedia.org/wiki/File:Railway_and_locomotive_engineering_-_a_practical_journal_of_railway_motive_power_and_rolling_stock_(1901)_(14574643988).jpg,image/jpeg,No restrictions,https://www.flickr.com/commons/usage/,"<a rel=""nofollow"" class=""external text"" href=""https://www.flickr.com/people/126377022@N07"">Internet Archive Book Images</a>","<p><a rel=""nofollow"" class=""external free"" href=""https://www.flickr.com/photos/internetarchivebookimages/14574643988/"">https://www.flickr.com/photos/internetarchivebookimages/14574643988/</a>
</p>
<ul><li>Source book page: <a rel=""nofollow"" class=""external free"" href=""https://archive.org/stream/railwaylocomotiv14newy/railwaylocomotiv14newy#page/n402/mode/1up"">https://archive.org/stream/railwaylocomotiv14newy/railwaylocomotiv14newy#page/n402/mode/1up</a></li></ul>"
damaged_sign,File:4thRR Sign Bang.jpg,https://upload.wikimedia.org/wikipedia/commons/4/44/4thRR_Sign_Bang.jpg,https://commons.wikimedia.org/wiki/File:4thRR_Sign_Bang.jpg,image/jpeg,Public domain,,,
damaged_sign,"File:A damaged road sign at Tamlaght, Newtownsaville - geograph.org.uk - 4456079.jpg",https://upload.wikimedia.org/wikipedia/commons/d/db/A_damaged_road_sign_at_Tamlaght%2C_Newtownsaville_-_geograph.org.uk_-_4456079.jpg,"https://commons.wikimedia.org/wiki/File:A_damaged_road_sign_at_Tamlaght,_Newtownsaville_-_geograph.org.uk_-_4456079.jpg",image/jpeg,CC BY-SA 2.0,https://creativecommons.org/licenses/by-sa/2.0,"<a rel=""nofollow"" class=""external text"" href=""https://www.geograph.org.uk/profile/2282"">Kenneth  Allen</a> <span class=""mw-valign-text-top noprint"" typeof=""mw:File/Frameless""><a href=""//commons.wikimedia.org/wiki/File:A_damaged_road_sign_at_Tamlaght,_Newtownsaville_-_geograph.org.uk_-_4456079.jpg#P170"" title=""Edit this at Structured Data on Commons""><img alt=""Edit this at Structured Data on Commons"" src=""https://upload.wikimedia.org/wikipedia/commons/thumb/8/8a/OOjs_UI_icon_edit-ltr-progressive.svg/20px-OOjs_UI_icon_edit-ltr-progressive.svg.png"" decoding=""async"" width=""10"" height=""10"" class=""mw-file-element"" data-file-width=""20"" data-file-height=""20""></a></span>","<a rel=""nofollow"" class=""external text"" href=""https://www.geograph.org.uk/photo/4456079"">Geograph Britain and Ireland</a> <span class=""mw-valign-text-top noprint"" typeof=""mw:File/Frameless""><a href=""//commons.wikimedia.org/wiki/File:A_damaged_road_sign_at_Tamlaght,_Newtownsaville_-_geograph.org.uk_-_4456079.jpg#P7482"" title=""Edit this at Structured Data on Commons""><img alt=""Edit this at Structured Data on Commons"" src=""https://upload.wikimedia.org/wikipedia/commons/thumb/8/8a/OOjs_UI_icon_edit-ltr-progressive.svg/20px-OOjs_UI_icon_edit-ltr-progressive.svg.png"" decoding=""async"" width=""10"" height=""10"" class=""mw-file-element"" data-file-width=""20"" data-file-height=""20""></a></span>"
damaged_sign,File:A wind-damaged sign on the A7 - geograph.org.uk - 2767458.jpg,https://upload.wikimedia.org/wikipedia/commons/5/51/A_wind-damaged_sign_on_the_A7_-_geograph.org.uk_-_2767458.jpg,https://commons.wikimedia.org/wiki/File:A_wind-damaged_sign_on_the_A7_-_geograph.org.uk_-_2767458.jpg,image/jpeg,CC BY-SA 2.0,https://creativecommons.org/licenses/by-sa/2.0,"<a rel=""nofollow"" class=""external text"" href=""https://www.geograph.org.uk/profile/6638"">Walter Baxter</a> <span class=""mw-valign-text-top noprint"" typeof=""mw:File/Frameless""><a href=""//commons.wikimedia.org/wiki/File:A_wind-damaged_sign_on_the_A7_-_geograph.org.uk_-_2767458.jpg#P170"" title=""Edit this at Structured Data on Commons""><img alt=""Edit this at Structured Data on Commons"" src=""https://upload.wikimedia.org/wikipedia/commons/thumb/8/8a/OOjs_UI_icon_edit-ltr-progressive.svg/20px-OOjs_UI_icon_edit-ltr-progressive.svg.png"" decoding=""async"" width=""10"" height=""10"" class=""mw-file-element"" data-file-width=""20"" data-file-height=""20""></a></span>","<a rel=""nofollow"" class=""external text"" href=""https://www.geograph.org.uk/photo/2767458"">Geograph Britain and Ireland</a> <span class=""mw-valign-text-top noprint"" typeof=""mw:File/Frameless""><a href=""//commons.wikimedia.org/wiki/File:A_wind-damaged_sign_on_the_A7_-_geograph.org.uk_-_2767458.jpg#P7482"" title=""Edit this at Structured Data on Commons""><img alt=""Edit this at Structured Data on Commons"" src=""https://upload.wikimedia.org/wikipedia/commons/thumb/8/8a/OOjs_UI_icon_edit-ltr-progressive.svg/20px-OOjs_UI_icon_edit-ltr-progressive.svg.png"" decoding=""async"" width=""10"" height=""10"" class=""mw-file-element"" data-file-width=""20"" data-file-height=""20""></a></span>"
damaged_sign,"File:Broken cast iron plate, Leeds Road, Shipley - geograph.org.uk - 8063205.jpg",https://upload.wikimedia.org/wikipedia/commons/c/c6/Broken_cast_iron_plate%2C_Leeds_Road%2C_Shipley_-_geograph.org.uk_-_8063205.jpg,"https://commons.wikimedia.org/wiki/File:Broken_cast_iron_plate,_Leeds_Road,_Shipley_-_geograph.org.uk_-_8063205.jpg",image/jpeg,CC BY-SA 2.0,https://creativecommons.org/licenses/by-sa/2.0,"<a rel=""nofollow"" class=""external text"" href=""https://www.geograph.org.uk/profile/6597"">Stephen Craven</a> <span class=""mw-valign-text-top noprint"" typeof=""mw:File/Frameless""><a href=""//commons.wikimedia.org/wiki/File:Broken_cast_iron_plate,_Leeds_Road,_Shipley_-_geograph.org.uk_-_8063205.jpg#P170"" title=""Edit this at Structured Data on Commons""><img alt=""Edit this at Structured Data on Commons"" src=""https://upload.wikimedia.org/wikipedia/commons/thumb/8/8a/OOjs_UI_icon_edit-ltr-progressive.svg/20px-OOjs_UI_icon_edit-ltr-progressive.svg.png"" decoding=""async"" width=""10"" height=""10"" class=""mw-file-element"" data-file-width=""20"" data-file-height=""20""></a></span>","<a rel=""nofollow"" class=""external text"" href=""https://www.geograph.org.uk/photo/8063205"">Geograph Britain and Ireland</a> <span class=""mw-valign-text-top noprint"" typeof=""mw:File/Frameless""><a href=""//commons.wikimedia.org/wiki/File:Broken_cast_iron_plate,_Leeds_Road,_Shipley_-_geograph.org.uk_-_8063205.jpg#P7482"" title=""Edit this at Structured Data on Commons""><img alt=""Edit this at Structured Data on Commons"" src=""https://upload.wikimedia.org/wikipedia/commons/thumb/8/8a/OOjs_UI_icon_edit-ltr-progressive.svg/20px-OOjs_UI_icon_edit-ltr-progressive.svg.png"" decoding=""async"" width=""10"" height=""10"" class=""mw-file-element"" data-file-width=""20"" data-file-height=""20""></a></span>"
damaged_sign,File:Cedar Fire - Heat Damaged Road Sign 2.jpg,https://upload.wikimedia.org/wikipedia/commons/8/84/Cedar_Fire_-_Heat_Damaged_Road_Sign_2.jpg,https://commons.wikimedia.org/wiki/File:Cedar_Fire_-_Heat_Damaged_Road_Sign_2.jpg,image/jpeg,Public domain,,"<p><a rel=""nofollow"" class=""external text"" href=""https://www.flickr.com/people/41284017@N08"">U.S. Department of Agriculture</a>
</p>
Lance Cheung/Multimedia PhotoJournalist","<a rel=""nofollow"" class=""external text"" href=""https://www.flickr.com/photos/usdagov/28537658744/"">20160821-FS-LSC-0925</a>"
damaged_sign,"File:Damaged Hospital Road sign, Campsie - geograph.org.uk - 7464385.jpg",https://upload.wikimedia.org/wikipedia/commons/f/f1/Damaged_Hospital_Road_sign%2C_Campsie_-_geograph.org.uk_-_7464385.jpg,"https://commons.wikimedia.org/wiki/File:Damaged_Hospital_Road_sign,_Campsie_-_geograph.org.uk_-_7464385.jpg",image/jpeg,CC BY-SA 2.0,https://creativecommons.org/licenses/by-sa/2.0,"<a rel=""nofollow"" class=""external text"" href=""https://www.geograph.org.uk/profile/2282"">Kenneth  Allen</a> <span class=""mw-valign-text-top noprint"" typeof=""mw:File/Frameless""><a href=""//commons.wikimedia.org/wiki/File:Damaged_Hospital_Road_sign,_Campsie_-_geograph.org.uk_-_7464385.jpg#P170"" title=""Edit this at Structured Data on Commons""><img alt=""Edit this at Structured Data on Commons"" src=""https://upload.wikimedia.org/wikipedia/commons/thumb/8/8a/OOjs_UI_icon_edit-ltr-progressive.svg/20px-OOjs_UI_icon_edit-ltr-progressive.svg.png"" decoding=""async"" width=""10"" height=""10"" class=""mw-file-element"" data-file-width=""20"" data-file-height=""20""></a></span>","<a rel=""nofollow"" class=""external text"" href=""https://www.geograph.org.uk/photo/7464385"">Geograph Britain and Ireland</a> <span class=""mw-valign-text-top noprint"" typeof=""mw:File/Frameless""><a href=""//commons.wikimedia.org/wiki/File:Damaged_Hospital_Road_sign,_Campsie_-_geograph.org.uk_-_7464385.jpg#P7482"" title=""Edit this at Structured Data on Commons""><img alt=""Edit this at Structured Data on Commons"" src=""https://upload.wikimedia.org/wikipedia/commons/thumb/8/8a/OOjs_UI_icon_edit-ltr-progressive.svg/20px-OOjs_UI_icon_edit-ltr-progressive.svg.png"" decoding=""async"" width=""10"" height=""10"" class=""mw-file-element"" data-file-width=""20"" data-file-height=""20""></a></span>"
damaged_sign,"File:Damaged Laurel Crescent name sign, Malpas, Newport - geograph.org.uk - 8106165.jpg",https://upload.wikimedia.org/wikipedia/commons/2/24/Damaged_Laurel_Crescent_name_sign%2C_Malpas%2C_Newport_-_geograph.org.uk_-_8106165.jpg,"https://commons.wikimedia.org/wiki/File:Damaged_Laurel_Crescent_name_sign,_Malpas,_Newport_-_geograph.org.uk_-_8106165.jpg",image/jpeg,CC BY-SA 2.0,https://creativecommons.org/licenses/by-sa/2.0,"<a rel=""nofollow"" class=""external text"" href=""https://www.geograph.org.uk/profile/39302"">Jaggery</a> <span class=""mw-valign-text-top noprint"" typeof=""mw:File/Frameless""><a href=""//commons.wikimedia.org/wiki/File:Damaged_Laurel_Crescent_name_sign,_Malpas,_Newport_-_geograph.org.uk_-_8106165.jpg#P170"" title=""Edit this at Structured Data on Commons""><img alt=""Edit this at Structured Data on Commons"" src=""https://upload.wikimedia.org/wikipedia/commons/thumb/8/8a/OOjs_UI_icon_edit-ltr-progressive.svg/20px-OOjs_UI_icon_edit-ltr-progressive.svg.png"" decoding=""async"" width=""10"" height=""10"" class=""mw-file-element"" data-file-width=""20"" data-file-height=""20""></a></span>","<a rel=""nofollow"" class=""external text"" href=""https://www.geograph.org.uk/photo/8106165"">Geograph Britain and Ireland</a> <span class=""mw-valign-text-top noprint"" typeof=""mw:File/Frameless""><a href=""//commons.wikimedia.org/wiki/File:Damaged_Laurel_Crescent_name_sign,_Malpas,_Newport_-_geograph.org.uk_-_8106165.jpg#P7482"" title=""Edit this at Structured Data on Commons""><img alt=""Edit this at Structured Data on Commons"" src=""https://upload.wikimedia.org/wikipedia/commons/thumb/8/8a/OOjs_UI_icon_edit-ltr-progressive.svg/20px-OOjs_UI_icon_edit-ltr-progressive.svg.png"" decoding=""async"" width=""10"" height=""10"" class=""mw-file-element"" data-file-width=""20"" data-file-height=""20""></a></span>"
damaged_sign,File:Damaged Pavement - panoramio.jpg,https://upload.wikimedia.org/wikipedia/commons/3/3f/Damaged_Pavement_-_panoramio.jpg,https://commons.wikimedia.org/wiki/File:Damaged_Pavement_-_panoramio.jpg,image/jpeg,CC BY 3.0,https://creativecommons.org/licenses/by/3.0,"<a rel=""nofollow"" class=""external text"" href=""https://web.archive.org/web/20161015011711/http://www.panoramio.com/user/1653769?with_photo_id=31816853"">2AgentSmith2</a>","<a rel=""nofollow"" class=""external free"" href=""https://web.archive.org/web/20161015011709/http://www.panoramio.com/photo/31816853"">https://web.archive.org/web/20161015011709/http://www.panoramio.com/photo/31816853</a>"
damaged_sign,File:Damaged Streetname sign - Ladysmith Road N17.jpg,https://upload.wikimedia.org/wikipedia/commons/2/2a/Damaged_Streetname_sign_-_Ladysmith_Road_N17.jpg,https://commons.wikimedia.org/wiki/File:Damaged_Streetname_sign_-_Ladysmith_Road_N17.jpg,image/jpeg,CC BY-SA 2.0,https://creativecommons.org/licenses/by-sa/2.0,Alan Stanton,"<a rel=""nofollow"" class=""external free"" href=""https://www.flickr.com/photos/53921762@N00/5746994477/"">https://www.flickr.com/photos/53921762@N00/5746994477/</a>"
damaged_sign,"File:Damaged road sign, Cloghglass Road - geograph.org.uk - 5263097.jpg",https://upload.wikimedia.org/wikipedia/commons/c/c8/Damaged_road_sign%2C_Cloghglass_Road_-_geograph.org.uk_-_5263097.jpg,"https://commons.wikimedia.org/wiki/File:Damaged_road_sign,_Cloghglass_Road_-_geograph.org.uk_-_5263097.jpg",image/jpeg,CC BY-SA 2.0,https://creativecommons.org/licenses/by-sa/2.0,"<a rel=""nofollow"" class=""external text"" href=""https://www.geograph.org.uk/profile/2282"">Kenneth  Allen</a> <span class=""mw-valign-text-top noprint"" typeof=""mw:File/Frameless""><a href=""//commons.wikimedia.org/wiki/File:Damaged_road_sign,_Cloghglass_Road_-_geograph.org.uk_-_5263097.jpg#P170"" title=""Edit this at Structured Data on Commons""><img alt=""Edit this at Structured Data on Commons"" src=""https://upload.wikimedia.org/wikipedia/commons/thumb/8/8a/OOjs_UI_icon_edit-ltr-progressive.svg/20px-OOjs_UI_icon_edit-ltr-progressive.svg.png"" decoding=""async"" width=""10"" height=""10"" class=""mw-file-element"" data-file-width=""20"" data-file-height=""20""></a></span>","<a rel=""nofollow"" class=""external text"" href=""https://www.geograph.org.uk/photo/5263097"">Geograph Britain and Ireland</a> <span class=""mw-valign-text-top noprint"" typeof=""mw:File/Frameless""><a href=""//commons.wikimedia.org/wiki/File:Damaged_road_sign,_Cloghglass_Road_-_geograph.org.uk_-_5263097.jpg#P7482"" title=""Edit this at Structured Data on Commons""><img alt=""Edit this at Structured Data on Commons"" src=""https://upload.wikimedia.org/wikipedia/commons/thumb/8/8a/OOjs_UI_icon_edit-ltr-progressive.svg/20px-OOjs_UI_icon_edit-ltr-progressive.svg.png"" decoding=""async"" width=""10"" height=""10"" class=""mw-file-element"" data-file-width=""20"" data-file-height=""20""></a></span>"
broken_sidewalk,File:Backview of four storey tenement. (4617884247).jpg,https://upload.wikimedia.org/wikipedia/commons/c/cc/Backview_of_four_storey_tenement._%284617884247%29.jpg,https://commons.wikimedia.org/wiki/File:Backview_of_four_storey_tenement._(4617884247).jpg,image/jpeg,No restrictions,https://www.flickr.com/commons/usage/,"<a rel=""nofollow"" class=""external text"" href=""https://www.flickr.com/people/14456531@N07"">National Library of Scotland</a>","<a rel=""nofollow"" class=""external free"" href=""https://www.flickr.com/photos/nlscotland/4617884247/"">https://www.flickr.com/photos/nlscotland/4617884247/</a>"
broken_keyboard,"File:""A bit busier than usual"" - geograph.org.uk - 2035938.jpg",https://upload.wikimedia.org/wikipedia/commons/a/a6/%22A_bit_busier_than_usual%22_-_geograph.org.uk_-_2035938.jpg,"https://commons.wikimedia.org/wiki/File:""A_bit_busier_than_usual""_-_geograph.org.uk_-_2035938.jpg",image/jpeg,CC BY-SA 2.0,https://creativecommons.org/licenses/by-sa/2.0,"<a rel=""nofollow"" class=""external text"" href=""https://www.geograph.org.uk/profile/24620"">kim traynor</a> <span class=""mw-valign-text-top noprint"" typeof=""mw:File/Frameless""><a href=""//commons.wikimedia.org/wiki/File:%22A_bit_busier_than_usual%22_-_geograph.org.uk_-_2035938.jpg#P170"" title=""Edit this at Structured Data on Commons""><img alt=""Edit this at Structured Data on Commons"" src=""https://upload.wikimedia.org/wikipedia/commons/thumb/8/8a/OOjs_UI_icon_edit-ltr-progressive.svg/20px-OOjs_UI_icon_edit-ltr-progressive.svg.png"" decoding=""async"" width=""10"" height=""10"" class=""mw-file-element"" data-file-width=""20"" data-file-height=""20""></a></span>","<a rel=""nofollow"" class=""external text"" href=""https://www.geograph.org.uk/photo/2035938"">Geograph Britain and Ireland</a> <span class=""mw-valign-text-top noprint"" typeof=""mw:File/Frameless""><a href=""//commons.wikimedia.org/wiki/File:%22A_bit_busier_than_usual%22_-_geograph.org.uk_-_2035938.jpg#P7482"" title=""Edit this at Structured Data on Commons""><img alt=""Edit this at Structured Data on Commons"" src=""https://upload.wikimedia.org/wikipedia/commons/thumb/8/8a/OOjs_UI_icon_edit-ltr-progressive.svg/20px-OOjs_UI_icon_edit-ltr-progressive.svg.png"" decoding=""async"" width=""10"" height=""10"" class=""mw-file-element"" data-file-width=""20"" data-file-height=""20""></a></span>"
broken_keyboard,"File:Apple II Plus, Museum of the Moving Image.jpg",https://upload.wikimedia.org/wikipedia/commons/b/b1/Apple_II_Plus%2C_Museum_of_the_Moving_Image.jpg,"https://commons.wikimedia.org/wiki/File:Apple_II_Plus,_Museum_of_the_Moving_Image.jpg",image/jpeg,CC BY 2.0,https://creativecommons.org/licenses/by/2.0,"<a rel=""nofollow"" class=""external text"" href=""https://www.flickr.com/people/mwichary/"">Marcin Wichary</a>","<a rel=""nofollow"" class=""external free"" href=""https://www.flickr.com/photos/mwichary/2151368358/"">https://www.flickr.com/photos/mwichary/2151368358/</a>"
broken_keyboard,File:Busier And Busier.jpg,https://upload.wikimedia.org/wikipedia/commons/d/d7/Busier_And_Busier.jpg,https://commons.wikimedia.org/wiki/File:Busier_And_Busier.jpg,image/jpeg,CC BY 2.0,https://creativecommons.org/licenses/by/2.0,ARG_Flickr,"<a rel=""nofollow"" class=""external free"" href=""https://www.flickr.com/photos/38986305@N06/43646486140/"">https://www.flickr.com/photos/38986305@N06/43646486140/</a>"
broken_keyboard,File:Busy Philipps (33459259838) (cropped).jpg,https://upload.wikimedia.org/wikipedia/commons/c/c9/Busy_Philipps_%2833459259838%29_%28cropped%29.jpg,https://commons.wikimedia.org/wiki/File:Busy_Philipps_(33459259838)_(cropped).jpg,image/jpeg,CC BY 2.0,https://creativecommons.org/licenses/by/2.0,"<a rel=""nofollow"" class=""external text"" href=""https://www.flickr.com/people/52309209@N02"">Daniel Benavides</a> from Austin, TX","<a rel=""nofollow"" class=""external text"" href=""https://www.flickr.com/photos/relevantwriter/33459259838/"">Busy Philipps</a>"
broken_keyboard,File:Crane that's seen busier days - geograph.org.uk - 4519701.jpg,https://upload.wikimedia.org/wikipedia/commons/4/44/Crane_that%27s_seen_busier_days_-_geograph.org.uk_-_4519701.jpg,https://commons.wikimedia.org/wiki/File:Crane_that's_seen_busier_days_-_geograph.org.uk_-_4519701.jpg,image/jpeg,CC BY-SA 2.0,https://creativecommons.org/licenses/by-sa/2.0,"<a rel=""nofollow"" class=""external text"" href=""https://www.geograph.org.uk/profile/69729"">Chris Morgan</a> <span class=""mw-valign-text-top noprint"" typeof=""mw:File/Frameless""><a href=""//commons.wikimedia.org/wiki/File:Crane_that%27s_seen_busier_days_-_geograph.org.uk_-_4519701.jpg#P170"" title=""Edit this at Structured Data on Commons""><img alt=""Edit this at Structured Data on Commons"" src=""https://upload.wikimedia.org/wikipedia/commons/thumb/8/8a/OOjs_UI_icon_edit-ltr-progressive.svg/20px-OOjs_UI_icon_edit-ltr-progressive.svg.png"" decoding=""async"" width=""10"" height=""10"" class=""mw-file-element"" data-file-width=""20"" data-file-height=""20""></a></span>","<a rel=""nofollow"" class=""external text"" href=""https://www.geograph.org.uk/photo/4519701"">Geograph Britain and Ireland</a> <span class=""mw-valign-text-top noprint"" typeof=""mw:File/Frameless""><a href=""//commons.wikimedia.org/wiki/File:Crane_that%27s_seen_busier_days_-_geograph.org.uk_-_4519701.jpg#P7482"" title=""Edit this at Structured Data on Commons""><img alt=""Edit this at Structured Data on Commons"" src=""https://upload.wikimedia.org/wikipedia/commons/thumb/8/8a/OOjs_UI_icon_edit-ltr-progressive.svg/20px-OOjs_UI_icon_edit-ltr-progressive.svg.png"" decoding=""async"" width=""10"" height=""10"" class=""mw-file-element"" data-file-width=""20"" data-file-height=""20""></a></span>"
broken_keyboard,File:Dave-Greenfield (cropped).jpg,https://upload.wikimedia.org/wikipedia/commons/4/4a/Dave-Greenfield_%28cropped%29.jpg,https://commons.wikimedia.org/wiki/File:Dave-Greenfield_(cropped).jpg,image/jpeg,CC BY-SA 3.0,https://creativecommons.org/licenses/by-sa/3.0,Stranglers French forum,Stranglers French forum
broken_keyboard,File:Democratic presidential ticket 1864b.jpg,https://upload.wikimedia.org/wikipedia/commons/0/0b/Democratic_presidential_ticket_1864b.jpg,https://commons.wikimedia.org/wiki/File:Democratic_presidential_ticket_1864b.jpg,image/jpeg,Public domain,,"<bdi><a href=""https://en.wikipedia.org/wiki/Currier_and_Ives"" class=""extiw"" title=""en:Currier and Ives"">Currier and Ives</a></bdi>","This image  is available from the United States <a href=""//commons.wikimedia.org/wiki/Library_of_Congress"" title=""Library of Congress"">Library of Congress</a>'s <a rel=""nofollow"" class=""external text"" href=""//www.loc.gov/rr/print/"">Prints and Photographs division</a><br> under the digital ID <a rel=""nofollow"" class=""external text"" href=""https://hdl.loc.gov/loc.pnp/ppmsca.17561"">ppmsca.17561</a>.<br><small>This tag does not indicate the copyright status of the attached work. <span style=""white-space:nowrap"">A normal <a href=""//commons.wikimedia.org/wiki/Special:MyLanguage/Commons:Copyright_tags"" title=""Special:MyLanguage/Commons:Copyright tags"">copyright tag</a> is still required.</span> <span style=""white-space:nowrap"">See <a href=""//commons.wikimedia.org/wiki/Special:MyLanguage/Commons:Licensing"" title=""Special:MyLanguage/Commons:Licensing"">Commons:Licensing</a>.</span></small>"
broken_keyboard,File:Eglise de Busy. (2).jpg,https://upload.wikimedia.org/wikipedia/commons/f/f9/Eglise_de_Busy._%282%29.jpg,https://commons.wikimedia.org/wiki/File:Eglise_de_Busy._(2).jpg,image/jpeg,CC BY-SA 4.0,https://creativecommons.org/licenses/by-sa/4.0,"<a href=""//commons.wikimedia.org/wiki/User:Espirat"" title=""User:Espirat"">Espirat</a>","<span class=""int-own-work"" lang=""en"">Own work</span>"
broken_keyboard,File:Jacob Busic 53364752001 o (1).jpg,https://upload.wikimedia.org/wikipedia/commons/4/4b/Jacob_Busic_53364752001_o_%281%29.jpg,https://commons.wikimedia.org/wiki/File:Jacob_Busic_53364752001_o_(1).jpg,image/jpeg,Public domain,,Office of the Governor of Massachusetts,"<a rel=""nofollow"" class=""external free"" href=""https://www.flickr.com/photos/massgovernor/albums/72177720313051669/"">https://www.flickr.com/photos/massgovernor/albums/72177720313051669/</a>"
broken_keyboard,File:Jacob Busic 53364956143 o (1).jpg,https://upload.wikimedia.org/wikipedia/commons/1/16/Jacob_Busic_53364956143_o_%281%29.jpg,https://commons.wikimedia.org/wiki/File:Jacob_Busic_53364956143_o_(1).jpg,image/jpeg,Public domain,,Office of the Governor of Massachusetts,"<a rel=""nofollow"" class=""external free"" href=""https://www.flickr.com/photos/massgovernor/albums/72177720313051669/"">https://www.flickr.com/photos/massgovernor/albums/72177720313051669/</a>"
broken_appliance,File:GE Spacemaker washer and dryer combo.JPG,https://upload.wikimedia.org/wikipedia/commons/b/bb/GE_Spacemaker_washer_and_dryer_combo.JPG,https://commons.wikimedia.org/wiki/File:GE_Spacemaker_washer_and_dryer_combo.JPG,image/jpeg,CC BY-SA 3.0,https://creativecommons.org/licenses/by-sa/3.0,"<a href=""//commons.wikimedia.org/wiki/User:BrokenSphere"" title=""User:BrokenSphere"">BrokenSphere</a>","<span class=""int-own-work"" lang=""en"">Own work</span>"
broken_appliance,File:Mechanics of the household; a course of study devoted to domestic machinery and household mechanical appliances (1918) (14799748913).jpg,https://upload.wikimedia.org/wikipedia/commons/1/15/Mechanics_of_the_household%3B_a_course_of_study_devoted_to_domestic_machinery_and_household_mechanical_appliances_%281918%29_%2814799748913%29.jpg,https://commons.wikimedia.org/wiki/File:Mechanics_of_the_household;_a_course_of_study_devoted_to_domestic_machinery_and_household_mechanical_appliances_(1918)_(14799748913).jpg,image/jpeg,No restrictions,https://www.flickr.com/commons/usage/,"<a rel=""nofollow"" class=""external text"" href=""https://www.flickr.com/people/126377022@N07"">Internet Archive Book Images</a>","<p><a rel=""nofollow"" class=""external free"" href=""https://www.flickr.com/photos/internetarchivebookimages/14799748913/"">https://www.flickr.com/photos/internetarchivebookimages/14799748913/</a>
</p>
<ul><li>Source book page: <a rel=""nofollow"" class=""external free"" href=""https://archive.org/stream/mechanicsofhouse00keen/mechanicsofhouse00keen#page/n311/mode/1up"">https://archive.org/stream/mechanicsofhouse00keen/mechanicsofhouse00keen#page/n311/mode/1up</a></li></ul>"
broken_appliance,File:Washing machine agitator.JPG,https://upload.wikimedia.org/wikipedia/commons/d/dc/Washing_machine_agitator.JPG,https://commons.wikimedia.org/wiki/File:Washing_machine_agitator.JPG,image/jpeg,CC BY-SA 3.0,http://creativecommons.org/licenses/by-sa/3.0/,"<a href=""//commons.wikimedia.org/wiki/User:BrokenSphere"" title=""User:BrokenSphere"">BrokenSphere</a>","<span class=""int-own-work"" lang=""en"">Own work</span>"
